SKU,Product Name,Category,Subcategory,In Stock,Price,Sale,Sale Price,Unit,Image Link,Description,Product Page Link
6430,Arctic Glacier Premium Ice,Frozen,Juice and Ice,True,$3.99,false,$3.99,2.7kg,https://media.grocerygateway.com/medias/6430-1-base-conversionFormat-1200-conversionFormat.jpg?context=bWFzdGVyfGltYWdlc3w3MjA5M3xpbWFnZS9qcGVnfGltYWdlcy9oNjQvaDE3Lzg4MzYxNTE1MDkwMjIuanBnfDFmZmRkZjY3MTE5MzJiMmMyZjA2MDJjYmNhYWVkZWI3ZjFkY2IzYzA4ZTM3MTFjNzcxOWQ1YTI3OTRlNzBkMzU,,https://www.grocerygateway.com/store/groceryGateway/en/Juice-and-Ice/Ice/Arctic-Glacier-Premium-Ice/p/6430
00059600023728,"Minute Maid Frozen Orange Juice, Pulp Free",Frozen,Juice and Ice,True,$2.29,false,$2.29,295mL,https://media.grocerygateway.com/medias/00059600023728-1-base-conversionFormat-1200-conversionFormat.jpg?context=bWFzdGVyfGltYWdlc3w0MDg0OXxpbWFnZS9qcGVnfGltYWdlcy9oZGMvaDU2Lzg4Mzg0NzU1MTM4ODYuanBnfGYwMzUzY2M1MjU0MzlmMzllYmZkNTlhN2E2YTI5ZTY3NjY5MjMyNmJmOTNlZmU0ZmJkYjA3NTNjYTU5NDdhYjM,,https://www.grocerygateway.com/store/groceryGateway/en/Juice-and-Ice/Juice-and-Punch/Minute-Maid-Frozen-Orange-Juice-Pulp-Free/p/00059600023728
00059600061768,Minute Maid Frozen Lemonade,Frozen,Juice and Ice,True,$1.99,true,$1.29,295mL,https://media.grocerygateway.com/medias/00059600061768-1-base-conversionFormat-1200-conversionFormat.jpg?context=bWFzdGVyfGltYWdlc3wzODU0NHxpbWFnZS9qcGVnfGltYWdlcy9oY2YvaDc2Lzg4Mzg1MDAyODY0OTQuanBnfGEzYzUzNjlkYjI1MGFlOGEyZmE5ZTc5YmNhYzkyNGZhNDRjYzk2NGRmM2M3MWZlNzA4ZWI3MjQzN2ZkNTc3YzA,,https://www.grocerygateway.com/store/groceryGateway/en/Juice-and-Ice/Juice-and-Punch/Minute-Maid-Frozen-Lemonade/p/00059600061768
00059600061775,Minute Maid Frozen Pink Lemonade,Frozen,Juice and Ice,True,$1.99,true,$1.29,295mL,https://media.grocerygateway.com/medias/00059600061775-1-base-conversionFormat-1200-conversionFormat.jpg?context=bWFzdGVyfGltYWdlc3wzNzM3NXxpbWFnZS9qcGVnfGltYWdlcy9oOWYvaGQxLzg4Mzg0OTE5NjM0MjIuanBnfGE1MmQ3ZGU2MmVlYWRkNTYzZTNiY2ZlZTkwMGE0OTllYjFmYzQwMTBkZTUxZTYwOGU5ZWMwNGNmNDkyZjk2NTY,,https://www.grocerygateway.com/store/groceryGateway/en/Juice-and-Ice/Juice-and-Punch/Minute-Maid-Frozen-Pink-Lemonade/p/00059600061775
00059600023711,Minute Maid Frozen Orange Juice,Frozen,Juice and Ice,True,$2.29,false,$2.29,295mL,https://media.grocerygateway.com/medias/00059600023711-1-base-conversionFormat-1200-conversionFormat.png?context=bWFzdGVyfGltYWdlc3w0Nzk1MjR8aW1hZ2UvcG5nfGltYWdlcy9oZjAvaGNkLzkwMTY5NTU0MzcwODYucG5nfDVhZWM4MWQwMGE2YTA1ZTQ5MDY2OWIwMTAzZWM1ZDkzNDI3Y2VhMzdlMzJjYzU5NTRhNGY1NDA5ZGEwY2I3ODI,,https://www.grocerygateway.com/store/groceryGateway/en/Juice-and-Ice/Juice-and-Punch/Minute-Maid-Frozen-Orange-Juice/p/00059600023711
00059600061638,"Minute Maid Frozen Orange Juice, Calcium",Frozen,Juice and Ice,True,$2.29,false,$2.29,295mL,https://media.grocerygateway.com/medias/00059600061638-1-base-conversionFormat-1200-conversionFormat.jpg?context=bWFzdGVyfGltYWdlc3w0MzY5N3xpbWFnZS9qcGVnfGltYWdlcy9oMmYvaDM4Lzg4Mzg0ODA2MjU2OTQuanBnfDIzYjhhMWM2YjJiYTU2OTFlMzFiMjJhMTllMTQ3ZjFmZWNhOTU0ZGJmZmIzMTljZGEyOGQzZDgyM2IwNTEzZWU,,https://www.grocerygateway.com/store/groceryGateway/en/Juice-and-Ice/Juice-and-Punch/Minute-Maid-Frozen-Orange-Juice-Calcium/p/00059600061638
00059600061782,Minute Maid Frozen Limeade,Frozen,Juice and Ice,True,$1.99,true,$1.29,295mL,https://media.grocerygateway.com/medias/00059600061782-1-base-conversionFormat-1200-conversionFormat.jpg?context=bWFzdGVyfGltYWdlc3wzNzcwMHxpbWFnZS9qcGVnfGltYWdlcy9oMDAvaDY4Lzg4Mzg1MDcxNjc3NzQuanBnfDA4NDY4YTliMjU2N2ZlNjZlOTYyZWRhMjU3Mjc0ZjU1OTQ0ZWJjOWM3Y2JmM2NjMTlhY2ZhY2Q0ZGNjNzYyZTA,,https://www.grocerygateway.com/store/groceryGateway/en/Juice-and-Ice/Juice-and-Punch/Minute-Maid-Frozen-Limeade/p/00059600061782
00059600061744,Minute Maid Frozen Peach Punch,Frozen,Juice and Ice,True,$1.49,true,$0.99,295mL,https://media.grocerygateway.com/medias/00059600061744-1-base-conversionFormat-1200-conversionFormat.jpg?context=bWFzdGVyfGltYWdlc3w0MDcxMXxpbWFnZS9qcGVnfGltYWdlcy9oNDAvaDQ1Lzg4Mzg0ODAxMDE0MDYuanBnfDI2YTBjYzY3NDc5MGRjNzI4Yjg0OTdmN2ZiMzM5MTFhMjU4NmJhMjVlYzQ4YmE1YzRiZTVmN2UxZDYzOWZhOGM,,https://www.grocerygateway.com/store/groceryGateway/en/Juice-and-Ice/Juice-and-Punch/Minute-Maid-Frozen-Peach-Punch/p/00059600061744
00059600061676,Minute Maid Frozen Berry Punch,Frozen,Juice and Ice,True,$1.49,true,$0.99,295mL,https://media.grocerygateway.com/medias/00059600061676-1-base-conversionFormat-1200-conversionFormat.jpg?context=bWFzdGVyfGltYWdlc3w0MDQ3NnxpbWFnZS9qcGVnfGltYWdlcy9oYTMvaGY1Lzg4Mzg0ODI5MTk0NTQuanBnfDFlMDJmZjdhZWE1MDVhM2E5OTUzNDBkZTY5OTZmODU1N2JlZGQ2YjA2Yzg1MDNjZjAzZTA1NzE3ODgxMjk1NjQ,,https://www.grocerygateway.com/store/groceryGateway/en/Juice-and-Ice/Juice-and-Punch/Minute-Maid-Frozen-Berry-Punch/p/00059600061676
00059600000927,Five Alive Frozen Fruit Beverage Citrus,Frozen,Juice and Ice,True,$1.69,false,$1.69,295mL,https://media.grocerygateway.com/medias/00059600000927-1-base-conversionFormat-1200-conversionFormat.jpg?context=bWFzdGVyfGltYWdlc3w1MDIzMHxpbWFnZS9qcGVnfGltYWdlcy9oMzUvaGQwLzg4Mzg0Nzg3MjUxNTAuanBnfGQ4Nzk4YmRmMzlkMTQ3NTQxNjlkZjkyNzBjNWFiZGQxNTUzNWFlMjE4MDEwZjA5YjAxNzk4Nzk4MjJmOTkzODM,,https://www.grocerygateway.com/store/groceryGateway/en/Juice-and-Ice/Juice-and-Punch/Five-Alive-Frozen-Fruit-Beverage-Citrus/p/00059600000927
00059600061690,Minute Maid Frozen Fruit Punch,Frozen,Juice and Ice,True,$1.49,true,$0.99,295mL,https://media.grocerygateway.com/medias/00059600061690-1-base-conversionFormat-1200-conversionFormat.jpg?context=bWFzdGVyfGltYWdlc3w0MDM2MHxpbWFnZS9qcGVnfGltYWdlcy9oZDcvaDQ4Lzg4Mzg0NzczNDg4OTQuanBnfDUxZjIxM2MwOGM3ZjViMGZiMjQzZjZlNTE2YTg1ZTM1Y2ZiYjA5NjlhZmM4Y2E3NWFkZTc2NzRlMzdjMTg4OGQ,,https://www.grocerygateway.com/store/groceryGateway/en/Juice-and-Ice/Juice-and-Punch/Minute-Maid-Frozen-Fruit-Punch/p/00059600061690
00059600061645,Minute Maid 100% Home Squeezed Style Orange Juice,Frozen,Juice and Ice,True,$2.29,false,$2.29,295mL,https://media.grocerygateway.com/medias/00059600061645-1-base-conversionFormat-1200-conversionFormat.jpg?context=bWFzdGVyfGltYWdlc3wxNzQ0Mzd8aW1hZ2UvanBlZ3xpbWFnZXMvaDU4L2hhZC84ODgzODc4ODg3NDU0LmpwZ3w3N2Y0NWY4OGEyMDNiYTg0Y2VhMWI0NjI3NjBiNmMxODNhZWFjNDNmODI3OTU5ZjJhMzk5MWNkYTU5MTliNDI5,,https://www.grocerygateway.com/store/groceryGateway/en/Juice-and-Ice/Juice-and-Punch/Minute-Maid-100%25-Home-Squeezed-Style-Orange-Juice/p/00059600061645
00059600061614,Fruitopia Strawberry Passion,Frozen,Juice and Ice,True,$1.99,true,$1.29,295mL,https://media.grocerygateway.com/medias/00059600061614-1-base-conversionFormat-1200-conversionFormat.jpg?context=bWFzdGVyfGltYWdlc3w0OTMyMHxpbWFnZS9qcGVnfGltYWdlcy9oZTcvaDZkLzg4Mzg0Njg2MzI2MDYuanBnfDFlMzIzMTE1OTA2MDJjZDBjNzE3OTE1YzkxY2JmMmQxZDNkYTcxMGQ4NmZlYTcyNGZjZDUxNzgxNWQ2MWQ3NzI,,https://www.grocerygateway.com/store/groceryGateway/en/Juice-and-Ice/Juice-and-Punch/Fruitopia-Strawberry-Passion/p/00059600061614
00059600061683,Minute Maid Frozen Cranberry Punch,Frozen,Juice and Ice,True,$1.49,true,$0.99,295mL,https://media.grocerygateway.com/medias/00059600061683-1-base-conversionFormat-1200-conversionFormat.jpg?context=bWFzdGVyfGltYWdlc3w0Mjc1NXxpbWFnZS9qcGVnfGltYWdlcy9oM2UvaDMxLzg4Mzg0NzE4NDM4NzAuanBnfDkxYWQ1OTM3MjQzOWI5MmNkNmY5MjY4NGEwYTAwZWZjZGI0MWNmNmZjYThkYjMwZTBmZGZhYjYxODJlY2ViZDE,,https://www.grocerygateway.com/store/groceryGateway/en/Juice-and-Ice/Juice-and-Punch/Minute-Maid-Frozen-Cranberry-Punch/p/00059600061683
00059600061799,Nestea Lemon,Frozen,Juice and Ice,False,$1.99,true,$1.29,295mL,https://media.grocerygateway.com/medias/00059600061799-1-base-conversionFormat-1200-conversionFormat.jpg?context=bWFzdGVyfGltYWdlc3w3ODIzN3xpbWFnZS9qcGVnfGltYWdlcy9oYTkvaDU0Lzg4Mzg1MDA3NDUyNDYuanBnfDRkNjRlYThlNDEyZjZiMTQxNDhiZjNkOTdlNGFhYjhiODczZTE0N2I1NGY0NDA0MGZjZjg3MzM0ODQ3NWI0ZTg,,https://www.grocerygateway.com/store/groceryGateway/en/Juice-and-Ice/Juice-and-Punch/Nestea-Lemon/p/00059600061799
00059600061713,Minute Maid Frozen Mango Punch,Frozen,Juice and Ice,False,$1.49,true,$0.99,295mL,https://media.grocerygateway.com/medias/00059600061713-1-base-conversionFormat-1200-conversionFormat.jpg?context=bWFzdGVyfGltYWdlc3wzODQzMHxpbWFnZS9qcGVnfGltYWdlcy9oMjgvaDc4Lzg4Mzg0NzQxMzc2MzAuanBnfGNjNDYzZGExNTdlNmNlNzNjNGY0OTE4ZWE1MGM0NDI1MmRhNDNkODhjNTNhZmExOTY2MDFmOGI4ZTRjOWE2MjM,,https://www.grocerygateway.com/store/groceryGateway/en/Juice-and-Ice/Juice-and-Punch/Minute-Maid-Frozen-Mango-Punch/p/00059600061713
00059600061737,Minute Maid Frozen Orange Punch,Frozen,Juice and Ice,False,$1.49,true,$0.99,295mL,https://media.grocerygateway.com/medias/00059600061737-1-base-conversionFormat-1200-conversionFormat.jpg?context=bWFzdGVyfGltYWdlc3w0MTI1NnxpbWFnZS9qcGVnfGltYWdlcy9oMjQvaDQ3Lzg4Mzg0ODIwMDE5NTAuanBnfDBlMmRmZjEzMTA1NTlhYmFjMmVhMWJhYjhhYmE5Y2E2YzVlNzc5ZWMzN2NhMWUxZTBlYjllNDlhZThmYTI4MTY,,https://www.grocerygateway.com/store/groceryGateway/en/Juice-and-Ice/Juice-and-Punch/Minute-Maid-Frozen-Orange-Punch/p/00059600061737
00059600061706,Minute Maid Frozen Grape Punch,Frozen,Juice and Ice,False,$1.49,true,$0.99,295mL,https://media.grocerygateway.com/medias/00059600061706-1-base-conversionFormat-1200-conversionFormat.jpg?context=bWFzdGVyfGltYWdlc3w0MDM2MHxpbWFnZS9qcGVnfGltYWdlcy9oMmQvaDg2Lzg4Mzg0NzIzMDI2MjIuanBnfGVhOGU3NzJjOGRlZTE3M2E4YjNhMTkyYzQxMDEwYWNhNmJjMzUzNDdlZDZiZWYyOWI3ZGY3NjI2NzI2M2Q0YTI,,https://www.grocerygateway.com/store/groceryGateway/en/Juice-and-Ice/Juice-and-Punch/Minute-Maid-Frozen-Grape-Punch/p/00059600061706
